-- Тестовые данные: города и остановки вдоль реальных магистралей (приближённые WGS84).
-- Москва — Ленинградский проспект (север от Белорусского); СПб — Невский; Казань — Кремль/Баумана; Екб — пр. Ленина.
-- Повторный запуск bootstrap: очищаем и вставляем заново.
TRUNCATE TABLE IF EXISTS its_infra_sim.bus_stop_routes;
TRUNCATE TABLE IF EXISTS its_infra_sim.bus_stops;
TRUNCATE TABLE IF EXISTS its_infra_sim.municipalities;

INSERT INTO its_infra_sim.municipalities (municipality_id, name_ru, center_lat, center_lon, default_zoom, updated_at) VALUES
    ('msk', 'Москва', 55.7975, 37.5590, 13, now64(3)),
    ('spb', 'Санкт-Петербург', 59.9355, 30.3440, 14, now64(3)),
    ('kzn', 'Казань', 55.7968, 49.1120, 15, now64(3)),
    ('ekb', 'Екатеринбург', 56.8388, 60.6160, 14, now64(3));

INSERT INTO its_infra_sim.bus_stops
(
    stop_id, stop_code, name, name_short, lat, lon, municipality_id, address_note, bearing_deg,
    road_name, lane_count, bay_type, distance_to_junction_m,
    has_shelter, has_seating, has_trash_bin, has_schedule_info, has_lighting, boarding_width_m, platform_surface,
    wheelchair_accessible, tactile_guiding, signage_set_id,
    source, gost_reference_note, valid_from, valid_to, updated_at
)
VALUES
    (toUUID('a0000001-0000-4000-8000-000000000001'), 'MSK-LEN-01', 'Ленинградский проспект, пл. у Белорусского вокзала', 'Белорусская', 55.77785, 37.58465, 'msk', 'Ленинградский пр.', 329, 'Ленинградский проспект', 4, 'lay_by', 75, 1, 1, 1, 1, 1, 2.2, 'asphalt', 1, 0, 'sign_set_A', 'simulation', 'Реальная трасса (прибл. OSM)', '2024-01-01', NULL, now64(3)),
    (toUUID('a0000001-0000-4000-8000-000000000002'), 'MSK-LEN-02', 'Ленинградский проспект, Сокол', 'Сокол', 55.78255, 37.57845, 'msk', 'Ленинградский пр.', 326, 'Ленинградский проспект', 4, 'inline', 95, 1, 1, 1, 1, 1, 2.0, 'asphalt', 1, 0, 'sign_set_A', 'simulation', NULL, '2024-01-01', NULL, now64(3)),
    (toUUID('a0000001-0000-4000-8000-000000000003'), 'MSK-LEN-03', 'Ленинградский проспект, Аэропорт', 'Аэропорт', 55.78775, 37.57125, 'msk', 'Ленинградский пр.', 325, 'Ленинградский проспект', 4, 'lay_by', 110, 1, 1, 1, 1, 1, 2.3, 'asphalt', 1, 1, 'sign_set_B', 'simulation', NULL, '2024-01-01', NULL, now64(3)),
    (toUUID('a0000001-0000-4000-8000-000000000004'), 'MSK-LEN-04', 'Ленинградский проспект, Старопетровский пр.', 'Старопетр.', 55.79335, 37.56395, 'msk', 'Ленинградский пр.', 324, 'Ленинградский проспект', 3, 'inline', 130, 1, 1, 1, 1, 0, 2.1, 'asphalt', 0, 0, 'sign_set_A', 'simulation', NULL, '2024-01-01', NULL, now64(3)),
    (toUUID('a0000001-0000-4000-8000-000000000005'), 'MSK-LEN-05', 'Ленинградский проспект, Войковская', 'Войковская', 55.79905, 37.55655, 'msk', 'Ленинградский пр.', 323, 'Ленинградский проспект', 4, 'lay_by', 85, 1, 1, 1, 1, 1, 2.2, 'asphalt', 1, 0, 'sign_set_A', 'simulation', NULL, '2024-01-01', NULL, now64(3)),
    (toUUID('a0000001-0000-4000-8000-000000000006'), 'MSK-LEN-06', 'Ленинградский проспект, Коптево', 'Коптево', 55.80485, 37.54915, 'msk', 'Ленинградский пр.', 322, 'Ленинградский проспект', 3, 'inline', 140, 1, 1, 1, 0, 1, 2.0, 'concrete', 0, 0, 'sign_set_A', 'simulation', NULL, '2024-01-01', NULL, now64(3)),
    (toUUID('a0000001-0000-4000-8000-000000000007'), 'MSK-LEN-07', 'Ленинградский проспект, Лихоборы', 'Лихоборы', 55.81065, 37.54175, 'msk', 'Ленинградский пр.', 321, 'Ленинградский проспект', 3, 'lay_by', 100, 1, 1, 1, 1, 1, 2.2, 'asphalt', 1, 0, 'sign_set_B', 'simulation', NULL, '2024-01-01', NULL, now64(3)),
    (toUUID('a0000001-0000-4000-8000-000000000008'), 'MSK-LEN-08', 'Ленинградский проспект, у МКАД', 'МКАД', 55.81695, 37.53395, 'msk', 'Ленинградский пр.', 320, 'Ленинградский проспект', 4, 'inline', 200, 1, 1, 1, 1, 1, 2.4, 'asphalt', 1, 1, 'sign_set_B', 'simulation', 'Северный сегмент магистрали', '2024-01-01', NULL, now64(3)),

    (toUUID('b0000001-0000-4000-8000-000000000001'), 'SPB-NEV-01', 'Невский проспект, Дворцовая набережная', 'Дворц. наб.', 59.94035, 30.31455, 'spb', 'Невский пр.', 82, 'Невский проспект', 3, 'lay_by', 45, 1, 1, 1, 1, 1, 2.2, 'asphalt', 1, 1, 'sign_set_B', 'simulation', 'Ось Невского (прибл. OSM)', '2024-01-01', NULL, now64(3)),
    (toUUID('b0000001-0000-4000-8000-000000000002'), 'SPB-NEV-02', 'Невский проспект, Эрмитаж', 'Эрмитаж', 59.93975, 30.32205, 'spb', 'Невский пр.', 80, 'Невский проспект', 2, 'inline', 70, 1, 1, 1, 1, 1, 2.0, 'stone', 1, 1, 'sign_set_B', 'simulation', NULL, '2024-01-01', NULL, now64(3)),
    (toUUID('b0000001-0000-4000-8000-000000000003'), 'SPB-NEV-03', 'Невский проспект, Адмиралтейство', 'Адмирал.', 59.93885, 30.32955, 'spb', 'Невский пр.', 78, 'Невский проспект', 3, 'lay_by', 55, 1, 1, 1, 1, 1, 2.3, 'asphalt', 1, 0, 'sign_set_A', 'simulation', NULL, '2024-01-01', NULL, now64(3)),
    (toUUID('b0000001-0000-4000-8000-000000000004'), 'SPB-NEV-04', 'Невский проспект, 28', 'Невский 28', 59.93755, 30.33705, 'spb', 'Невский пр.', 76, 'Невский проспект', 2, 'inline', 95, 1, 1, 1, 1, 0, 2.1, 'asphalt', 0, 0, 'sign_set_A', 'simulation', NULL, '2024-01-01', NULL, now64(3)),
    (toUUID('b0000001-0000-4000-8000-000000000005'), 'SPB-NEV-05', 'Невский проспект, Казанский собор', 'Казанск.', 59.93625, 30.34455, 'spb', 'Невский пр.', 74, 'Невский проспект', 2, 'lay_by', 65, 1, 1, 1, 1, 1, 2.2, 'asphalt', 1, 1, 'sign_set_B', 'simulation', NULL, '2024-01-01', NULL, now64(3)),
    (toUUID('b0000001-0000-4000-8000-000000000006'), 'SPB-NEV-06', 'Невский проспект, метро «Невский проспект»', 'Невский', 59.93495, 30.35205, 'spb', 'Невский пр.', 72, 'Невский проспект', 2, 'inline', 115, 1, 1, 1, 1, 1, 2.0, 'asphalt', 1, 0, 'sign_set_A', 'simulation', NULL, '2024-01-01', NULL, now64(3)),
    (toUUID('b0000001-0000-4000-8000-000000000007'), 'SPB-NEV-07', 'Литейный проспект, Владимирская', 'Владимир.', 59.93355, 30.35955, 'spb', 'Литейный проспект', 70, 'Литейный проспект', 2, 'lay_by', 125, 1, 1, 1, 1, 1, 2.0, 'asphalt', 1, 0, 'sign_set_A', 'simulation', NULL, '2024-01-01', NULL, now64(3)),
    (toUUID('b0000001-0000-4000-8000-000000000008'), 'SPB-NEV-08', 'Лиговский проспект, Обводный канал', 'Обводный', 59.93185, 30.36805, 'spb', 'Лиговский проспект', 68, 'Лиговский проспект', 3, 'inline', 180, 1, 1, 1, 1, 1, 2.1, 'asphalt', 0, 0, 'sign_set_A', 'simulation', NULL, '2024-01-01', NULL, now64(3)),

    (toUUID('c0000001-0000-4000-8000-000000000001'), 'KZN-BM-01', 'Кремлёвская наб., у Кремля', 'Кремль наб.', 55.79965, 49.09745, 'kzn', 'Казанка', 48, 'Кремлёвская наб.', 2, 'lay_by', 50, 1, 1, 1, 1, 1, 2.2, 'asphalt', 1, 0, 'sign_set_A', 'simulation', 'Центр Казани (прибл. OSM)', '2024-01-01', NULL, now64(3)),
    (toUUID('c0000001-0000-4000-8000-000000000002'), 'KZN-BM-02', 'ул. Кремлёвская, Кул Шариф', 'Кул Шариф', 55.79855, 49.10385, 'kzn', 'Кремль', 50, 'Кремлёвская ул.', 2, 'inline', 40, 1, 1, 1, 1, 1, 2.0, 'stone', 1, 1, 'sign_set_B', 'simulation', NULL, '2024-01-01', NULL, now64(3)),
    (toUUID('c0000001-0000-4000-8000-000000000003'), 'KZN-BM-03', 'ул. Баумана, пл. Тысячелетия', 'Тысячелетия', 55.79745, 49.11025, 'kzn', 'Баумана', 52, 'ул. Баумана', 2, 'lay_by', 60, 1, 1, 1, 1, 1, 2.1, 'paving', 1, 0, 'sign_set_A', 'simulation', NULL, '2024-01-01', NULL, now64(3)),
    (toUUID('c0000001-0000-4000-8000-000000000004'), 'KZN-BM-04', 'ул. Баумана, ТЦ', 'Баумана', 55.79635, 49.11665, 'kzn', 'Пешеходная зона', 54, 'ул. Баумана', 1, 'inline', 220, 1, 1, 1, 0, 1, 1.8, 'paving', 0, 0, 'sign_set_A', 'simulation', NULL, '2024-01-01', NULL, now64(3)),
    (toUUID('c0000001-0000-4000-8000-000000000005'), 'KZN-BM-05', 'ул. Пушкина', 'Пушкина', 55.79525, 49.12305, 'kzn', 'Пушкина', 56, 'ул. Пушкина', 2, 'lay_by', 90, 1, 1, 1, 1, 1, 2.0, 'asphalt', 1, 0, 'sign_set_B', 'simulation', NULL, '2024-01-01', NULL, now64(3)),
    (toUUID('c0000001-0000-4000-8000-000000000006'), 'KZN-BM-06', 'ул. Чернышевского', 'Черныш.', 55.79415, 49.12945, 'kzn', 'Центр', 58, 'ул. Чернышевского', 2, 'inline', 100, 1, 1, 1, 1, 1, 2.2, 'asphalt', 1, 0, 'sign_set_A', 'simulation', NULL, '2024-01-01', NULL, now64(3)),
    (toUUID('c0000001-0000-4000-8000-000000000007'), 'KZN-BM-07', 'ул. Достоевского, замыкание кольца', 'Достоевск.', 55.79305, 49.13585, 'kzn', 'Парк', 60, 'ул. Достоевского', 2, 'lay_by', 120, 1, 1, 1, 1, 1, 2.0, 'asphalt', 1, 0, 'sign_set_A', 'simulation', 'Кольцевой маршрут симуляции', '2024-01-01', NULL, now64(3)),

    (toUUID('d0000001-0000-4000-8000-000000000001'), 'EKB-LEN-01', 'пр. Ленина, пл. 1905 года', 'Пл. 1905', 56.84185, 60.59685, 'ekb', 'Центр', 88, 'проспект Ленина', 4, 'lay_by', 30, 1, 1, 1, 1, 1, 2.3, 'asphalt', 1, 1, 'sign_set_B', 'simulation', 'Ось Екатеринбурга (прибл. OSM)', '2024-01-01', NULL, now64(3)),
    (toUUID('d0000001-0000-4000-8000-000000000002'), 'EKB-LEN-02', 'пр. Ленина, Дом Севастьянова', 'Севастьянов', 56.84105, 60.60235, 'ekb', 'Плотинка', 86, 'проспект Ленина', 2, 'inline', 55, 1, 1, 1, 1, 1, 2.0, 'stone', 1, 0, 'sign_set_A', 'simulation', NULL, '2024-01-01', NULL, now64(3)),
    (toUUID('d0000001-0000-4000-8000-000000000003'), 'EKB-LEN-03', 'пр. Ленина, УрФУ', 'УрФУ', 56.84015, 60.60785, 'ekb', 'Университет', 84, 'проспект Ленина', 2, 'lay_by', 70, 1, 1, 1, 1, 1, 2.2, 'asphalt', 1, 0, 'sign_set_A', 'simulation', NULL, '2024-01-01', NULL, now64(3)),
    (toUUID('d0000001-0000-4000-8000-000000000004'), 'EKB-LEN-04', 'ул. 8 Марта, Цирк', 'Цирк', 56.83925, 60.61335, 'ekb', 'Культура', 82, 'улица 8 Марта', 2, 'inline', 95, 1, 1, 1, 1, 0, 2.1, 'asphalt', 0, 0, 'sign_set_A', 'simulation', NULL, '2024-01-01', NULL, now64(3)),
    (toUUID('d0000001-0000-4000-8000-000000000005'), 'EKB-LEN-05', 'ул. 8 Марта, ТЦ', '8 Марта', 56.83835, 60.61885, 'ekb', 'ТЦ', 80, 'улица 8 Марта', 3, 'lay_by', 115, 1, 1, 1, 1, 1, 2.2, 'asphalt', 1, 0, 'sign_set_B', 'simulation', NULL, '2024-01-01', NULL, now64(3)),
    (toUUID('d0000001-0000-4000-8000-000000000006'), 'EKB-LEN-06', 'ул. Щорса', 'Щорса', 56.83745, 60.62435, 'ekb', 'Рынок', 78, 'улица Щорса', 2, 'inline', 145, 1, 1, 1, 0, 1, 2.0, 'concrete', 0, 0, 'sign_set_A', 'simulation', NULL, '2024-01-01', NULL, now64(3)),
    (toUUID('d0000001-0000-4000-8000-000000000007'), 'EKB-LEN-07', 'ул. Уральская', 'Уральская', 56.83655, 60.62985, 'ekb', 'Магистраль', 76, 'улица Уральская', 4, 'lay_by', 50, 1, 1, 1, 1, 1, 2.5, 'asphalt', 1, 1, 'sign_set_C', 'simulation', NULL, '2024-01-01', NULL, now64(3)),
    (toUUID('d0000001-0000-4000-8000-000000000008'), 'EKB-LEN-08', 'Сибирский тракт, восточный сегмент', 'Сиб. тракт', 56.83565, 60.63535, 'ekb', 'Окружная', 74, 'Сибирский тракт', 3, 'inline', 200, 1, 1, 1, 1, 1, 2.2, 'asphalt', 1, 0, 'sign_set_A', 'simulation', 'Восточный выход из центра', '2024-01-01', NULL, now64(3));

INSERT INTO its_infra_sim.bus_stop_routes (stop_id, route_number, direction, sequence, updated_at) VALUES
    (toUUID('a0000001-0000-4000-8000-000000000001'), '42', 'forward', 1, now64(3)),
    (toUUID('a0000001-0000-4000-8000-000000000002'), '42', 'forward', 2, now64(3)),
    (toUUID('a0000001-0000-4000-8000-000000000003'), '42', 'forward', 3, now64(3)),
    (toUUID('a0000001-0000-4000-8000-000000000004'), '42', 'forward', 4, now64(3)),
    (toUUID('a0000001-0000-4000-8000-000000000005'), '42', 'forward', 5, now64(3)),
    (toUUID('a0000001-0000-4000-8000-000000000006'), '42', 'forward', 6, now64(3)),
    (toUUID('a0000001-0000-4000-8000-000000000007'), '42', 'forward', 7, now64(3)),
    (toUUID('a0000001-0000-4000-8000-000000000008'), '42', 'forward', 8, now64(3)),

    (toUUID('b0000001-0000-4000-8000-000000000001'), '15', 'forward', 1, now64(3)),
    (toUUID('b0000001-0000-4000-8000-000000000002'), '15', 'forward', 2, now64(3)),
    (toUUID('b0000001-0000-4000-8000-000000000003'), '15', 'forward', 3, now64(3)),
    (toUUID('b0000001-0000-4000-8000-000000000004'), '15', 'forward', 4, now64(3)),
    (toUUID('b0000001-0000-4000-8000-000000000005'), '15', 'forward', 5, now64(3)),
    (toUUID('b0000001-0000-4000-8000-000000000006'), '15', 'forward', 6, now64(3)),
    (toUUID('b0000001-0000-4000-8000-000000000007'), '15', 'forward', 7, now64(3)),
    (toUUID('b0000001-0000-4000-8000-000000000008'), '15', 'forward', 8, now64(3)),

    (toUUID('c0000001-0000-4000-8000-000000000001'), '7', 'loop', 1, now64(3)),
    (toUUID('c0000001-0000-4000-8000-000000000002'), '7', 'loop', 2, now64(3)),
    (toUUID('c0000001-0000-4000-8000-000000000003'), '7', 'loop', 3, now64(3)),
    (toUUID('c0000001-0000-4000-8000-000000000004'), '7', 'loop', 4, now64(3)),
    (toUUID('c0000001-0000-4000-8000-000000000005'), '7', 'loop', 5, now64(3)),
    (toUUID('c0000001-0000-4000-8000-000000000006'), '7', 'loop', 6, now64(3)),
    (toUUID('c0000001-0000-4000-8000-000000000007'), '7', 'loop', 7, now64(3)),

    (toUUID('d0000001-0000-4000-8000-000000000001'), '22', 'forward', 1, now64(3)),
    (toUUID('d0000001-0000-4000-8000-000000000002'), '22', 'forward', 2, now64(3)),
    (toUUID('d0000001-0000-4000-8000-000000000003'), '22', 'forward', 3, now64(3)),
    (toUUID('d0000001-0000-4000-8000-000000000004'), '22', 'forward', 4, now64(3)),
    (toUUID('d0000001-0000-4000-8000-000000000005'), '22', 'forward', 5, now64(3)),
    (toUUID('d0000001-0000-4000-8000-000000000006'), '22', 'forward', 6, now64(3)),
    (toUUID('d0000001-0000-4000-8000-000000000007'), '22', 'forward', 7, now64(3)),
    (toUUID('d0000001-0000-4000-8000-000000000008'), '22', 'forward', 8, now64(3));
